<?xml version="1.0" encoding="UTF-8"?>
<!DOCTYPE log4j:configuration SYSTEM "log4j.dtd">
<log4j:configuration xmlns:log4j="http://jakarta.apache.org/log4j/">
  <appender class="org.apache.log4j.rolling.RollingFileAppender" name="app.rollOnTime">
    <rollingPolicy class="org.apache.log4j.rolling.TimeBasedRollingPolicy">
      <param name="ActiveFileName" value="log/app.log" />
      <param name="FileNamePattern" value="log/app.log.%d{yyyy-MM-dd}.gz" />
    </rollingPolicy>
    <layout class="org.apache.log4j.PatternLayout">
      <param value="%d [%t] %-5p %c{2} - %m%n" name="ConversionPattern" />
    </layout>
  </appender>
  <appender class="org.apache.log4j.rolling.RollingFileAppender" name="app.rollOnSize">
    <rollingPolicy class="org.apache.log4j.rolling.FixedWindowRollingPolicy">
      <param name="ActiveFileName" value="log/app.log" />
      <param name="FileNamePattern" value="log/app.log.%i.gz" />
      <param name="MinIndex" value="1" />
      <param name="MaxIndex" value="5" />
    </rollingPolicy>
    <triggeringPolicy class="org.apache.log4j.rolling.SizeBasedTriggeringPolicy">
      <param name="MaxFileSize" value="10485760" />
    </triggeringPolicy>
    <layout class="org.apache.log4j.PatternLayout">
      <param value="%d [%t] %-5p %c{2} - %m%n" name="ConversionPattern" />
    </layout>
  </appender>
  <appender class="org.apache.log4j.rolling.RollingFileAppender" name="fix.rollOnTime">
    <rollingPolicy class="org.apache.log4j.rolling.TimeBasedRollingPolicy">
      <param name="ActiveFileName" value="log/fix.log" />
      <param name="FileNamePattern" value="log/fix.log.%d{yyyy-MM-dd-HH}.gz" />
    </rollingPolicy>
    <layout class="org.apache.log4j.PatternLayout">
      <param value="%d [%t] %-5p %c{2} - %m%n" name="ConversionPattern" />
    </layout>
  </appender>
  <appender class="org.apache.log4j.rolling.RollingFileAppender" name="fix.rollOnSize">
    <rollingPolicy class="org.apache.log4j.rolling.FixedWindowRollingPolicy">
      <param name="ActiveFileName" value="log/fix.log" />
      <param name="FileNamePattern" value="log/fix.log.%i.gz" />
      <param name="MinIndex" value="1" />
      <param name="MaxIndex" value="5" />
    </rollingPolicy>
    <triggeringPolicy class="org.apache.log4j.rolling.SizeBasedTriggeringPolicy">
      <param name="MaxFileSize" value="10485760" />
    </triggeringPolicy>
    <layout class="org.apache.log4j.PatternLayout">
      <param value="%d [%t] %-5p %c{2} - %m%n" name="ConversionPattern" />
    </layout>
  </appender>
  <logger name="General">
    <level value="info" />
  </logger>
  <logger name="org.simpleframework">
    <level value="info" />
  </logger>
  <root>
    <level value="info" />
    <appender-ref ref="app.rollOnSize" />
  </root>
</log4j:configuration>
