<?xml version="1.0" encoding="UTF-8"?>
<beans xmlns="http://www.springframework.org/schema/beans" xmlns:xsi="http://www.w3.org/2001/XMLSchema-instance" xmlns:aop="http://www.springframework.org/schema/aop"
  xsi:schemaLocation="http://www.springframework.org/schema/beans http://www.springframework.org/schema/beans/spring-beans-3.0.xsd">

  <bean id="BeanExporter" class="org.springframework.jmx.export.MBeanExporter">
    <property name="assembler" ref="Assembler" />
    <property name="namingStrategy" ref="NamingStrategy" />
    <property name="autodetect" value="true" />
  </bean>

  <bean id="AttributeSource" class="org.springframework.jmx.export.annotation.AnnotationJmxAttributeSource" />

  <bean id="Assembler" class="org.springframework.jmx.export.assembler.MetadataMBeanInfoAssembler">
    <property name="attributeSource" ref="AttributeSource" />
  </bean>

  <bean id="NamingStrategy" class="org.springframework.jmx.export.naming.MetadataNamingStrategy">
    <property name="attributeSource" ref="AttributeSource" />
  </bean>
  
  <bean id="ApplicationAgent" class="org.simpleframework.demo.jmx.spring.ApplicationAgent" />  

  <bean id="ObjectIntrospector" class="org.simpleframework.demo.jmx.spring.ApplicationContextIntrospector" />

  <bean id="WebObjectIntrospector" class="org.simpleframework.demo.jmx.WebObjectIntrospector">
    <constructor-arg ref="ObjectIntrospector" />
  </bean>

  <bean id="WebAdministrator" class="org.simpleframework.demo.jmx.WebAdministrator" init-method="start">
    <constructor-arg ref="WebConfiguration" />
    <constructor-arg ref="WebObjectIntrospector" />
  </bean>

  <bean id="WebConfiguration" class="org.simpleframework.demo.jmx.WebConfiguration">
    <constructor-arg value="local" />
    <constructor-arg value="admin" />
    <constructor-arg value="password" />
    <constructor-arg value="7070" />
  </bean>  

  <bean id="ThreadDumper" class="org.simpleframework.demo.thread.ThreadDumper" />

  <bean id="LogConfigurer" class="org.simpleframework.demo.log4j.LogConfigurer" init-method="configure">
    <constructor-arg value="${log4j.configFile}" />
  </bean>

</beans>
