<?xml version="1.0" encoding="UTF-8"?>
<beans xmlns="http://www.springframework.org/schema/beans" xmlns:xsi="http://www.w3.org/2001/XMLSchema-instance" xmlns:aop="http://www.springframework.org/schema/aop"
  xsi:schemaLocation="http://www.springframework.org/schema/beans http://www.springframework.org/schema/beans/spring-beans-3.0.xsd">

  <import resource="spring-depth.xml" />
  <import resource="spring-best.xml" />
  <import resource="spring-company.xml" />
  <import resource="spring-security.xml" />  
  <import resource="spring-jmx.xml" />  

  <bean id="ContentTypeResolver" class="org.simpleframework.demo.http.resource.ContentTypeResolver">
    <constructor-arg>
      <map>
        <entry key=".*.vm" value="text/html" />
        <entry key=".*.html" value="text/html" />
        <entry key=".*.png" value="image/png" />
        <entry key=".*.gif" value="image/gif" />
        <entry key=".*.css" value="text/css" />
        <entry key=".*.js" value="text/javascript" />
        <entry key=".*" value="text/html" />
      </map>
    </constructor-arg>
  </bean>

  <bean id="FileManager" class="org.simpleframework.demo.io.FileManager">
    <constructor-arg value="data" />
  </bean>

  <bean id="FileResolver" class="org.simpleframework.demo.io.FileResolver">
    <constructor-arg ref="FileManager" />
    <constructor-arg value="main.html" />
    <constructor-arg value="main.html" />
  </bean>

  <bean id="FileSystemResource" class="org.simpleframework.demo.http.resource.FileSystemResource">
    <constructor-arg ref="FileResolver" />
    <constructor-arg ref="ContentTypeResolver" />
  </bean>

  <bean id="NotFoundResource" class="org.simpleframework.demo.http.resource.StringResource">
    <constructor-arg value="Resource could not be found!!" />
    <constructor-arg value="text/plain; charset=UTF-8" />
    <constructor-arg value="UTF-8" />
    <constructor-arg value="NOT_FOUND" />
  </bean>

  <bean id="FoundResource" class="org.simpleframework.demo.http.resource.StringResource">
    <constructor-arg value="Redirecting to /main.html" />
    <constructor-arg value="text/plain; charset=UTF-8" />
    <constructor-arg value="UTF-8" />
    <constructor-arg value="FOUND" />
  </bean>

  <bean id="RedirectResource" class="org.simpleframework.demo.http.resource.RedirectResource">
    <constructor-arg ref="FoundResource" />
    <constructor-arg value="${context.path}/main.html" />
  </bean>

  <bean id="TableResource" class="com.simplesoftwarestudios.demo.table.service.TableResource">
    <constructor-arg ref="FileSystemResource" />
    <constructor-arg value="company" />
  </bean>

  <bean id="FailureResource" class="org.simpleframework.demo.http.resource.StringResource">
    <constructor-arg value="An error occured serving a resource!" />
    <constructor-arg value="text/plain; charset=UTF-8" />
    <constructor-arg value="UTF-8" />
    <constructor-arg value="INTERNAL_SERVER_ERROR" />
  </bean>

  <bean id="ThreadPool" class="org.simpleframework.common.thread.ConcurrentExecutor">
    <constructor-arg value="java.lang.Runnable" />
    <constructor-arg value="40" />
  </bean>

  <bean id="ProductDepthProcessor" class="com.simplesoftwarestudios.demo.table.product.DepthProcessor">
    <constructor-arg>
      <list>
        <ref bean="BestTable" />
        <ref bean="BestEFPTable" />
        <ref bean="BestSwitchTable" />
        <ref bean="CompanyTable" />
        <ref bean="CompanyEFPTable" />
        <ref bean="CompanySwitchTable" />
        <ref bean="DepthEFPTable" />
        <ref bean="DepthOutrightTable" />
      </list>
    </constructor-arg>
  </bean>

  <bean id="ProductStaticSource" class="com.simplesoftwarestudios.demo.table.product.ProductStaticSource" />

  <bean id="ProductDepthGenerator" class="com.simplesoftwarestudios.demo.table.product.DepthGenerator" init-method="start">
    <constructor-arg ref="ProductDepthProcessor" />
    <constructor-arg ref="ProductStaticSource" />
    <constructor-arg>
      <list>
        <value>ABN</value>
        <value>ANZ</value>
        <value>CITI</value>
        <value>CS</value>
        <value>DB</value>
      </list>
    </constructor-arg>
    <constructor-arg value="${depth.updateFrequency}" />
  </bean>

  <bean id="ProductDepthDebugger" class="com.simplesoftwarestudios.demo.table.product.DepthDebugger" />

  <bean id="ProductTableTester" class="com.simplesoftwarestudios.demo.table.service.TableTester">
    <constructor-arg ref="BestTableUpdater" />
  </bean>

  <bean id="PerformanceAnalyzer" class="com.simplesoftwarestudios.demo.table.telemetry.PerformanceAnalyzer" init-method="start" />

  <bean id="MemoryAnalyzer" class="com.simplesoftwarestudios.demo.table.telemetry.MemoryAnalyzer" init-method="start" />

  <bean id="ServiceRouter" class="org.simpleframework.demo.http.socket.ServiceRouter">
    <constructor-arg>
      <map>
        <entry key="/${context.path}/memory" value-ref="MemoryAnalyzer" />
        <entry key="/${context.path}/performance" value-ref="PerformanceAnalyzer" />
        <entry key="/${context.path}/best" value-ref="BestTableService" />
        <entry key="/${context.path}/company" value-ref="CompanyTableService" />
        <entry key="/${context.path}/depthEFP" value-ref="DepthEFPTableService" />
        <entry key="/${context.path}/depthOutright" value-ref="DepthOutrightTableService" />
      </map>
    </constructor-arg>
  </bean>

  <bean id="ScriptCompiler" class="org.simpleframework.demo.js.ScriptCompiler">
    <constructor-arg value="SIMPLE_OPTIMIZATIONS" />
  </bean>

  <bean id="ScriptProcessor" class="org.simpleframework.demo.js.ScriptProcessor">
    <constructor-arg ref="ScriptCompiler" />
    <constructor-arg value="data" />
  </bean>

  <bean id="ScriptResource" class="org.simpleframework.demo.js.ScriptResource">
    <constructor-arg ref="ScriptProcessor" />
    <constructor-arg value="text/javascript" />
    <constructor-arg value="gzip" />
  </bean>

  <bean id="TemplateEngine" class="org.simpleframework.demo.template.velocity.VelocityTemplateEngine">
    <constructor-arg ref="FileResolver" />
    <constructor-arg value="" />
    <constructor-arg value=".vm" />
  </bean>

  <bean id="TemplateContext" class="org.simpleframework.demo.template.TemplateContext">
    <constructor-arg>
      <map>
        <entry key="schema" value-ref="BestTableSchema" />
        <entry key="source" value-ref="ProductStaticSource" />
      </map>
    </constructor-arg>
  </bean>

  <bean id="Template" class="org.simpleframework.demo.template.Template">
    <constructor-arg ref="TemplateEngine" />
    <constructor-arg value="index" />
  </bean>


  <bean id="TemplateResource" class="org.simpleframework.demo.template.TemplateResource">
    <constructor-arg ref="Template" />
    <constructor-arg ref="TemplateContext" />
    <constructor-arg value="text/html" />
  </bean>

  <bean id="ResourceEngine" class="org.simpleframework.demo.http.resource.RegularExpressionEngine">
    <constructor-arg>
      <map>
        <entry key="/${context.path}/main.html" value-ref="TableResource" />
        <entry key=".*favicon.ico" value-ref="NotFoundResource" />
        <entry key=".*.html" value-ref="FileSystemResource" />
        <entry key=".*.png" value-ref="FileSystemResource" />
        <entry key=".*.css" value-ref="FileSystemResource" />
        <!-- entry key=".*.js" value-ref="ScriptResource" /-->
        <entry key=".*.js" value-ref="FileSystemResource" />
        <entry key=".*/$" value-ref="RedirectResource" />
      </map>
    </constructor-arg>
    <constructor-arg ref="NotFoundResource" />
  </bean>

  <bean id="ResourceContainer" class="org.simpleframework.demo.http.resource.ResourceContainer">
    <constructor-arg ref="ResourceEngine" />
    <constructor-arg ref="FailureResource" />
  </bean>

  <bean id="WebContainer" class="org.simpleframework.demo.http.WebContainer">
    <constructor-arg ref="ResourceContainer" />
    <constructor-arg value="Table/1.0" />
  </bean>

  <bean id="WebSocketRouter" class="org.simpleframework.http.socket.service.SingletonRouter">
    <constructor-arg ref="ServiceRouter" />
  </bean>

  <bean id="WebSocketContainer" class="org.simpleframework.http.socket.service.RouterContainer">
    <constructor-arg ref="WebContainer" />
    <constructor-arg ref="WebSocketRouter" />
    <constructor-arg value="2" />
  </bean>

  <bean id="WebServerAnalyzer" class="org.simpleframework.demo.trace.LogAnalyzer"/>

  <bean id="WebServer" class="org.simpleframework.demo.http.WebServer" init-method="start">
    <constructor-arg ref="WebSocketContainer" />
    <constructor-arg ref="Certificate"/>
    <constructor-arg ref="WebServerAnalyzer" />
    <constructor-arg value="${server.listenPort}" />
  </bean>

</beans>
