<?xml version="1.0" encoding="UTF-8"?>
<beans xmlns="http://www.springframework.org/schema/beans" xmlns:xsi="http://www.w3.org/2001/XMLSchema-instance" xmlns:aop="http://www.springframework.org/schema/aop"
  xsi:schemaLocation="http://www.springframework.org/schema/beans http://www.springframework.org/schema/beans/spring-beans-3.0.xsd">

  <bean id="DepthOutrightTableSchema" class="com.simplesoftwarestudios.demo.table.schema.TableSchema">
    <constructor-arg value="depthOutright" />
    <constructor-arg>
      <list>
        <bean class="com.simplesoftwarestudios.demo.table.schema.StringColumnStyle">
          <constructor-arg value="product" />
          <constructor-arg value="{product}" />
        </bean>
        <bean class="com.simplesoftwarestudios.demo.table.schema.StringColumnStyle">
          <constructor-arg value="bidPrice0" />
          <constructor-arg value="{bidPrice0}" />
        </bean>
        <bean class="com.simplesoftwarestudios.demo.table.schema.StringColumnStyle">
          <constructor-arg value="bidPrice1" />
          <constructor-arg value="{bidPrice1}" />
        </bean>
        <bean class="com.simplesoftwarestudios.demo.table.schema.StringColumnStyle">
          <constructor-arg value="bidPrice2" />
          <constructor-arg value="{bidPrice2}" />
        </bean>
        <bean class="com.simplesoftwarestudios.demo.table.schema.StringColumnStyle">
          <constructor-arg value="bidPrice3" />
          <constructor-arg value="{bidPrice3}" />
        </bean>
        <bean class="com.simplesoftwarestudios.demo.table.schema.StringColumnStyle">
          <constructor-arg value="bidPrice4" />
          <constructor-arg value="{bidPrice4}" />
        </bean>
        <bean class="com.simplesoftwarestudios.demo.table.schema.StringColumnStyle">
          <constructor-arg value="bidPrice5" />
          <constructor-arg value="{bidPrice5}" />
        </bean>
        <bean class="com.simplesoftwarestudios.demo.table.schema.StringColumnStyle">
          <constructor-arg value="bidPrice6" />
          <constructor-arg value="{bidPrice6}" />
        </bean>
        <bean class="com.simplesoftwarestudios.demo.table.schema.StringColumnStyle">
          <constructor-arg value="bidPrice7" />
          <constructor-arg value="{bidPrice7}" />
        </bean>
        <bean class="com.simplesoftwarestudios.demo.table.schema.StringColumnStyle">
          <constructor-arg value="bidPrice8" />
          <constructor-arg value="{bidPrice8}" />
        </bean>
        <bean class="com.simplesoftwarestudios.demo.table.schema.StringColumnStyle">
          <constructor-arg value="bidPrice9" />
          <constructor-arg value="{bidPrice9}" />
        </bean>
        <bean class="com.simplesoftwarestudios.demo.table.schema.StringColumnStyle">
          <constructor-arg value="offerPrice0" />
          <constructor-arg value="{offerPrice0}" />
        </bean>
        <bean class="com.simplesoftwarestudios.demo.table.schema.StringColumnStyle">
          <constructor-arg value="offerPrice1" />
          <constructor-arg value="{offerPrice1}" />
        </bean>
        <bean class="com.simplesoftwarestudios.demo.table.schema.StringColumnStyle">
          <constructor-arg value="offerPrice2" />
          <constructor-arg value="{offerPrice2}" />
        </bean>
        <bean class="com.simplesoftwarestudios.demo.table.schema.StringColumnStyle">
          <constructor-arg value="offerPrice3" />
          <constructor-arg value="{offerPrice3}" />
        </bean>
        <bean class="com.simplesoftwarestudios.demo.table.schema.StringColumnStyle">
          <constructor-arg value="offerPrice4" />
          <constructor-arg value="{offerPrice4}" />
        </bean>
        <bean class="com.simplesoftwarestudios.demo.table.schema.StringColumnStyle">
          <constructor-arg value="offerPrice5" />
          <constructor-arg value="{offerPrice5}" />
        </bean>
        <bean class="com.simplesoftwarestudios.demo.table.schema.StringColumnStyle">
          <constructor-arg value="offerPrice6" />
          <constructor-arg value="{offerPrice6}" />
        </bean>
        <bean class="com.simplesoftwarestudios.demo.table.schema.StringColumnStyle">
          <constructor-arg value="offerPrice7" />
          <constructor-arg value="{offerPrice7}" />
        </bean>
        <bean class="com.simplesoftwarestudios.demo.table.schema.StringColumnStyle">
          <constructor-arg value="offerPrice8" />
          <constructor-arg value="{offerPrice8}" />
        </bean>
        <bean class="com.simplesoftwarestudios.demo.table.schema.StringColumnStyle">
          <constructor-arg value="offerPrice9" />
          <constructor-arg value="{offerPrice9}" />
        </bean>
        <bean class="com.simplesoftwarestudios.demo.table.schema.StringColumnStyle">
          <constructor-arg value="bidCompany0" />
          <constructor-arg value="{bidCompany0}" />
        </bean>
        <bean class="com.simplesoftwarestudios.demo.table.schema.StringColumnStyle">
          <constructor-arg value="bidCompany1" />
          <constructor-arg value="{bidCompany1}" />
        </bean>
        <bean class="com.simplesoftwarestudios.demo.table.schema.StringColumnStyle">
          <constructor-arg value="bidCompany2" />
          <constructor-arg value="{bidCompany2}" />
        </bean>
        <bean class="com.simplesoftwarestudios.demo.table.schema.StringColumnStyle">
          <constructor-arg value="bidCompany3" />
          <constructor-arg value="{bidCompany3}" />
        </bean>
        <bean class="com.simplesoftwarestudios.demo.table.schema.StringColumnStyle">
          <constructor-arg value="bidCompany4" />
          <constructor-arg value="{bidCompany4}" />
        </bean>
        <bean class="com.simplesoftwarestudios.demo.table.schema.StringColumnStyle">
          <constructor-arg value="bidCompany5" />
          <constructor-arg value="{bidCompany5}" />
        </bean>
        <bean class="com.simplesoftwarestudios.demo.table.schema.StringColumnStyle">
          <constructor-arg value="bidCompany6" />
          <constructor-arg value="{bidCompany6}" />
        </bean>
        <bean class="com.simplesoftwarestudios.demo.table.schema.StringColumnStyle">
          <constructor-arg value="bidCompany7" />
          <constructor-arg value="{bidCompany7}" />
        </bean>
        <bean class="com.simplesoftwarestudios.demo.table.schema.StringColumnStyle">
          <constructor-arg value="bidCompany8" />
          <constructor-arg value="{bidCompany8}" />
        </bean>
        <bean class="com.simplesoftwarestudios.demo.table.schema.StringColumnStyle">
          <constructor-arg value="bidCompany9" />
          <constructor-arg value="{bidCompany9}" />
        </bean>
        <bean class="com.simplesoftwarestudios.demo.table.schema.StringColumnStyle">
          <constructor-arg value="offerCompany0" />
          <constructor-arg value="{offerCompany0}" />
        </bean>
        <bean class="com.simplesoftwarestudios.demo.table.schema.StringColumnStyle">
          <constructor-arg value="offerCompany1" />
          <constructor-arg value="{offerCompany1}" />
        </bean>
        <bean class="com.simplesoftwarestudios.demo.table.schema.StringColumnStyle">
          <constructor-arg value="offerCompany2" />
          <constructor-arg value="{offerCompany2}" />
        </bean>
        <bean class="com.simplesoftwarestudios.demo.table.schema.StringColumnStyle">
          <constructor-arg value="offerCompany3" />
          <constructor-arg value="{offerCompany3}" />
        </bean>
        <bean class="com.simplesoftwarestudios.demo.table.schema.StringColumnStyle">
          <constructor-arg value="offerCompany4" />
          <constructor-arg value="{offerCompany4}" />
        </bean>
        <bean class="com.simplesoftwarestudios.demo.table.schema.StringColumnStyle">
          <constructor-arg value="offerCompany5" />
          <constructor-arg value="{offerCompany5}" />
        </bean>
        <bean class="com.simplesoftwarestudios.demo.table.schema.StringColumnStyle">
          <constructor-arg value="offerCompany6" />
          <constructor-arg value="{offerCompany6}" />
        </bean>
        <bean class="com.simplesoftwarestudios.demo.table.schema.StringColumnStyle">
          <constructor-arg value="offerCompany7" />
          <constructor-arg value="{offerCompany7}" />
        </bean>
        <bean class="com.simplesoftwarestudios.demo.table.schema.StringColumnStyle">
          <constructor-arg value="offerCompany8" />
          <constructor-arg value="{offerCompany8}" />
        </bean>
        <bean class="com.simplesoftwarestudios.demo.table.schema.StringColumnStyle">
          <constructor-arg value="offerCompany9" />
          <constructor-arg value="{offerCompany9}" />
        </bean>
        <bean class="com.simplesoftwarestudios.demo.table.schema.StringColumnStyle">
          <constructor-arg value="bidVolume0" />
          <constructor-arg value="{bidVolume0}" />
        </bean>
        <bean class="com.simplesoftwarestudios.demo.table.schema.StringColumnStyle">
          <constructor-arg value="bidVolume1" />
          <constructor-arg value="{bidVolume1}" />
        </bean>
        <bean class="com.simplesoftwarestudios.demo.table.schema.StringColumnStyle">
          <constructor-arg value="bidVolume2" />
          <constructor-arg value="{bidVolume2}" />
        </bean>
        <bean class="com.simplesoftwarestudios.demo.table.schema.StringColumnStyle">
          <constructor-arg value="bidVolume3" />
          <constructor-arg value="{bidVolume3}" />
        </bean>
        <bean class="com.simplesoftwarestudios.demo.table.schema.StringColumnStyle">
          <constructor-arg value="bidVolume4" />
          <constructor-arg value="{bidVolume4}" />
        </bean>
        <bean class="com.simplesoftwarestudios.demo.table.schema.StringColumnStyle">
          <constructor-arg value="bidVolume5" />
          <constructor-arg value="{bidVolume5}" />
        </bean>
        <bean class="com.simplesoftwarestudios.demo.table.schema.StringColumnStyle">
          <constructor-arg value="bidVolume6" />
          <constructor-arg value="{bidVolume6}" />
        </bean>
        <bean class="com.simplesoftwarestudios.demo.table.schema.StringColumnStyle">
          <constructor-arg value="bidVolume7" />
          <constructor-arg value="{bidVolume7}" />
        </bean>
        <bean class="com.simplesoftwarestudios.demo.table.schema.StringColumnStyle">
          <constructor-arg value="bidVolume8" />
          <constructor-arg value="{bidVolume8}" />
        </bean>
        <bean class="com.simplesoftwarestudios.demo.table.schema.StringColumnStyle">
          <constructor-arg value="bidVolume9" />
          <constructor-arg value="{bidVolume9}" />
        </bean>
        <bean class="com.simplesoftwarestudios.demo.table.schema.StringColumnStyle">
          <constructor-arg value="offerVolume0" />
          <constructor-arg value="{offerVolume0}" />
        </bean>
        <bean class="com.simplesoftwarestudios.demo.table.schema.StringColumnStyle">
          <constructor-arg value="offerVolume1" />
          <constructor-arg value="{offerVolume1}" />
        </bean>
        <bean class="com.simplesoftwarestudios.demo.table.schema.StringColumnStyle">
          <constructor-arg value="offerVolume2" />
          <constructor-arg value="{offerVolume2}" />
        </bean>
        <bean class="com.simplesoftwarestudios.demo.table.schema.StringColumnStyle">
          <constructor-arg value="offerVolume3" />
          <constructor-arg value="{offerVolume3}" />
        </bean>
        <bean class="com.simplesoftwarestudios.demo.table.schema.StringColumnStyle">
          <constructor-arg value="offerVolume4" />
          <constructor-arg value="{offerVolume4}" />
        </bean>
        <bean class="com.simplesoftwarestudios.demo.table.schema.StringColumnStyle">
          <constructor-arg value="offerVolume5" />
          <constructor-arg value="{offerVolume5}" />
        </bean>
        <bean class="com.simplesoftwarestudios.demo.table.schema.StringColumnStyle">
          <constructor-arg value="offerVolume6" />
          <constructor-arg value="{offerVolume6}" />
        </bean>
        <bean class="com.simplesoftwarestudios.demo.table.schema.StringColumnStyle">
          <constructor-arg value="offerVolume7" />
          <constructor-arg value="{offerVolume7}" />
        </bean>
        <bean class="com.simplesoftwarestudios.demo.table.schema.StringColumnStyle">
          <constructor-arg value="offerVolume8" />
          <constructor-arg value="{offerVolume8}" />
        </bean>
        <bean class="com.simplesoftwarestudios.demo.table.schema.StringColumnStyle">
          <constructor-arg value="offerVolume9" />
          <constructor-arg value="{offerVolume9}" />
        </bean>
      </list>
    </constructor-arg>
  </bean>

  <bean id="DepthOutrightRowFormatter" class="com.simplesoftwarestudios.demo.table.format.RowFormatter">
    <constructor-arg>
      <map>
        <entry key="bidPrice0">
          <bean class="com.simplesoftwarestudios.demo.table.format.DecimalCellFormatter">
            <constructor-arg value="#.0000" />
          </bean>
        </entry>
        <entry key="bidPrice1">
          <bean class="com.simplesoftwarestudios.demo.table.format.DecimalCellFormatter">
            <constructor-arg value="#.0000" />
          </bean>
        </entry>
        <entry key="bidPrice2">
          <bean class="com.simplesoftwarestudios.demo.table.format.DecimalCellFormatter">
            <constructor-arg value="#.0000" />
          </bean>
        </entry>
        <entry key="bidPrice3">
          <bean class="com.simplesoftwarestudios.demo.table.format.DecimalCellFormatter">
            <constructor-arg value="#.0000" />
          </bean>
        </entry>
        <entry key="bidPrice4">
          <bean class="com.simplesoftwarestudios.demo.table.format.DecimalCellFormatter">
            <constructor-arg value="#.0000" />
          </bean>
        </entry>
        <entry key="bidPrice5">
          <bean class="com.simplesoftwarestudios.demo.table.format.DecimalCellFormatter">
            <constructor-arg value="#.0000" />
          </bean>
        </entry>
        <entry key="bidPrice6">
          <bean class="com.simplesoftwarestudios.demo.table.format.DecimalCellFormatter">
            <constructor-arg value="#.0000" />
          </bean>
        </entry>
        <entry key="bidPrice7">
          <bean class="com.simplesoftwarestudios.demo.table.format.DecimalCellFormatter">
            <constructor-arg value="#.0000" />
          </bean>
        </entry>
        <entry key="bidPrice8">
          <bean class="com.simplesoftwarestudios.demo.table.format.DecimalCellFormatter">
            <constructor-arg value="#.0000" />
          </bean>
        </entry>
        <entry key="bidPrice9">
          <bean class="com.simplesoftwarestudios.demo.table.format.DecimalCellFormatter">
            <constructor-arg value="#.0000" />
          </bean>
        </entry>
        <entry key="offerPrice0">
          <bean class="com.simplesoftwarestudios.demo.table.format.DecimalCellFormatter">
            <constructor-arg value="#.0000" />
          </bean>
        </entry>
        <entry key="offerPrice1">
          <bean class="com.simplesoftwarestudios.demo.table.format.DecimalCellFormatter">
            <constructor-arg value="#.0000" />
          </bean>
        </entry>
        <entry key="offerPrice2">
          <bean class="com.simplesoftwarestudios.demo.table.format.DecimalCellFormatter">
            <constructor-arg value="#.0000" />
          </bean>
        </entry>
        <entry key="offerPrice3">
          <bean class="com.simplesoftwarestudios.demo.table.format.DecimalCellFormatter">
            <constructor-arg value="#.0000" />
          </bean>
        </entry>
        <entry key="offerPrice4">
          <bean class="com.simplesoftwarestudios.demo.table.format.DecimalCellFormatter">
            <constructor-arg value="#.0000" />
          </bean>
        </entry>
        <entry key="offerPrice5">
          <bean class="com.simplesoftwarestudios.demo.table.format.DecimalCellFormatter">
            <constructor-arg value="#.0000" />
          </bean>
        </entry>
        <entry key="offerPrice6">
          <bean class="com.simplesoftwarestudios.demo.table.format.DecimalCellFormatter">
            <constructor-arg value="#.0000" />
          </bean>
        </entry>
        <entry key="offerPrice7">
          <bean class="com.simplesoftwarestudios.demo.table.format.DecimalCellFormatter">
            <constructor-arg value="#.0000" />
          </bean>
        </entry>
        <entry key="offerPrice8">
          <bean class="com.simplesoftwarestudios.demo.table.format.DecimalCellFormatter">
            <constructor-arg value="#.0000" />
          </bean>
        </entry>
        <entry key="offerPrice9">
          <bean class="com.simplesoftwarestudios.demo.table.format.DecimalCellFormatter">
            <constructor-arg value="#.0000" />
          </bean>
        </entry>        
      </map>
    </constructor-arg>
  </bean>

  <bean id="DepthOutrightRowExtractor" class="com.simplesoftwarestudios.demo.table.extract.RowExtractor">
    <constructor-arg>
      <map>
        <entry key="product">
          <bean class="com.simplesoftwarestudios.demo.table.extract.PropertyCellExtractor">
            <constructor-arg value="security" />
            <constructor-arg value="com.simplesoftwarestudios.demo.table.product.Product" />
          </bean>
        </entry>
        <entry key="bidPrice0">
          <bean class="com.simplesoftwarestudios.demo.table.extract.PropertyCellExtractor">
            <constructor-arg value="filteredDepth.bid[OUTRIGHT].at[0].price" />
            <constructor-arg value="com.simplesoftwarestudios.demo.table.product.Product" />
          </bean>
        </entry>
        <entry key="bidPrice1">
          <bean class="com.simplesoftwarestudios.demo.table.extract.PropertyCellExtractor">
            <constructor-arg value="filteredDepth.bid[OUTRIGHT].at[1].price" />
            <constructor-arg value="com.simplesoftwarestudios.demo.table.product.Product" />
          </bean>
        </entry>
        <entry key="bidPrice2">
          <bean class="com.simplesoftwarestudios.demo.table.extract.PropertyCellExtractor">
            <constructor-arg value="filteredDepth.bid[OUTRIGHT].at[2].price" />
            <constructor-arg value="com.simplesoftwarestudios.demo.table.product.Product" />
          </bean>
        </entry>
        <entry key="bidPrice3">
          <bean class="com.simplesoftwarestudios.demo.table.extract.PropertyCellExtractor">
            <constructor-arg value="filteredDepth.bid[OUTRIGHT].at[3].price" />
            <constructor-arg value="com.simplesoftwarestudios.demo.table.product.Product" />
          </bean>
        </entry>
        <entry key="bidPrice4">
          <bean class="com.simplesoftwarestudios.demo.table.extract.PropertyCellExtractor">
            <constructor-arg value="filteredDepth.bid[OUTRIGHT].at[4].price" />
            <constructor-arg value="com.simplesoftwarestudios.demo.table.product.Product" />
          </bean>
        </entry>
        <entry key="bidPrice5">
          <bean class="com.simplesoftwarestudios.demo.table.extract.PropertyCellExtractor">
            <constructor-arg value="filteredDepth.bid[OUTRIGHT].at[5].price" />
            <constructor-arg value="com.simplesoftwarestudios.demo.table.product.Product" />
          </bean>
        </entry>
        <entry key="bidPrice6">
          <bean class="com.simplesoftwarestudios.demo.table.extract.PropertyCellExtractor">
            <constructor-arg value="filteredDepth.bid[OUTRIGHT].at[6].price" />
            <constructor-arg value="com.simplesoftwarestudios.demo.table.product.Product" />
          </bean>
        </entry>
        <entry key="bidPrice7">
          <bean class="com.simplesoftwarestudios.demo.table.extract.PropertyCellExtractor">
            <constructor-arg value="filteredDepth.bid[OUTRIGHT].at[7].price" />
            <constructor-arg value="com.simplesoftwarestudios.demo.table.product.Product" />
          </bean>
        </entry>
        <entry key="bidPrice8">
          <bean class="com.simplesoftwarestudios.demo.table.extract.PropertyCellExtractor">
            <constructor-arg value="filteredDepth.bid[OUTRIGHT].at[8].price" />
            <constructor-arg value="com.simplesoftwarestudios.demo.table.product.Product" />
          </bean>
        </entry>
        <entry key="bidPrice9">
          <bean class="com.simplesoftwarestudios.demo.table.extract.PropertyCellExtractor">
            <constructor-arg value="filteredDepth.bid[OUTRIGHT].at[9].price" />
            <constructor-arg value="com.simplesoftwarestudios.demo.table.product.Product" />
          </bean>
        </entry>
        <entry key="bidVolume0">
          <bean class="com.simplesoftwarestudios.demo.table.extract.PropertyCellExtractor">
            <constructor-arg value="filteredDepth.bid[OUTRIGHT].at[0].volume" />
            <constructor-arg value="com.simplesoftwarestudios.demo.table.product.Product" />
          </bean>
        </entry>
        <entry key="bidVolume1">
          <bean class="com.simplesoftwarestudios.demo.table.extract.PropertyCellExtractor">
            <constructor-arg value="filteredDepth.bid[OUTRIGHT].at[1].volume" />
            <constructor-arg value="com.simplesoftwarestudios.demo.table.product.Product" />
          </bean>
        </entry>
        <entry key="bidVolume2">
          <bean class="com.simplesoftwarestudios.demo.table.extract.PropertyCellExtractor">
            <constructor-arg value="filteredDepth.bid[OUTRIGHT].at[2].volume" />
            <constructor-arg value="com.simplesoftwarestudios.demo.table.product.Product" />
          </bean>
        </entry>
        <entry key="bidVolume3">
          <bean class="com.simplesoftwarestudios.demo.table.extract.PropertyCellExtractor">
            <constructor-arg value="filteredDepth.bid[OUTRIGHT].at[3].volume" />
            <constructor-arg value="com.simplesoftwarestudios.demo.table.product.Product" />
          </bean>
        </entry>
        <entry key="bidVolume4">
          <bean class="com.simplesoftwarestudios.demo.table.extract.PropertyCellExtractor">
            <constructor-arg value="filteredDepth.bid[OUTRIGHT].at[4].volume" />
            <constructor-arg value="com.simplesoftwarestudios.demo.table.product.Product" />
          </bean>
        </entry>
        <entry key="bidVolume5">
          <bean class="com.simplesoftwarestudios.demo.table.extract.PropertyCellExtractor">
            <constructor-arg value="filteredDepth.bid[OUTRIGHT].at[5].volume" />
            <constructor-arg value="com.simplesoftwarestudios.demo.table.product.Product" />
          </bean>
        </entry>
        <entry key="bidVolume6">
          <bean class="com.simplesoftwarestudios.demo.table.extract.PropertyCellExtractor">
            <constructor-arg value="filteredDepth.bid[OUTRIGHT].at[6].volume" />
            <constructor-arg value="com.simplesoftwarestudios.demo.table.product.Product" />
          </bean>
        </entry>
        <entry key="bidVolume7">
          <bean class="com.simplesoftwarestudios.demo.table.extract.PropertyCellExtractor">
            <constructor-arg value="filteredDepth.bid[OUTRIGHT].at[7].volume" />
            <constructor-arg value="com.simplesoftwarestudios.demo.table.product.Product" />
          </bean>
        </entry>
        <entry key="bidVolume8">
          <bean class="com.simplesoftwarestudios.demo.table.extract.PropertyCellExtractor">
            <constructor-arg value="filteredDepth.bid[OUTRIGHT].at[8].volume" />
            <constructor-arg value="com.simplesoftwarestudios.demo.table.product.Product" />
          </bean>
        </entry>
        <entry key="bidVolume9">
          <bean class="com.simplesoftwarestudios.demo.table.extract.PropertyCellExtractor">
            <constructor-arg value="filteredDepth.bid[OUTRIGHT].at[9].volume" />
            <constructor-arg value="com.simplesoftwarestudios.demo.table.product.Product" />
          </bean>
        </entry>
        <entry key="bidCompany0">
          <bean class="com.simplesoftwarestudios.demo.table.extract.PropertyCellExtractor">
            <constructor-arg value="filteredDepth.bid[OUTRIGHT].at[0].company" />
            <constructor-arg value="com.simplesoftwarestudios.demo.table.product.Product" />
          </bean>
        </entry>
        <entry key="bidCompany1">
          <bean class="com.simplesoftwarestudios.demo.table.extract.PropertyCellExtractor">
            <constructor-arg value="filteredDepth.bid[OUTRIGHT].at[1].company" />
            <constructor-arg value="com.simplesoftwarestudios.demo.table.product.Product" />
          </bean>
        </entry>
        <entry key="bidCompany2">
          <bean class="com.simplesoftwarestudios.demo.table.extract.PropertyCellExtractor">
            <constructor-arg value="filteredDepth.bid[OUTRIGHT].at[2].company" />
            <constructor-arg value="com.simplesoftwarestudios.demo.table.product.Product" />
          </bean>
        </entry>
        <entry key="bidCompany3">
          <bean class="com.simplesoftwarestudios.demo.table.extract.PropertyCellExtractor">
            <constructor-arg value="filteredDepth.bid[OUTRIGHT].at[3].company" />
            <constructor-arg value="com.simplesoftwarestudios.demo.table.product.Product" />
          </bean>
        </entry>
        <entry key="bidCompany4">
          <bean class="com.simplesoftwarestudios.demo.table.extract.PropertyCellExtractor">
            <constructor-arg value="filteredDepth.bid[OUTRIGHT].at[4].company" />
            <constructor-arg value="com.simplesoftwarestudios.demo.table.product.Product" />
          </bean>
        </entry>
        <entry key="bidCompany5">
          <bean class="com.simplesoftwarestudios.demo.table.extract.PropertyCellExtractor">
            <constructor-arg value="filteredDepth.bid[OUTRIGHT].at[5].company" />
            <constructor-arg value="com.simplesoftwarestudios.demo.table.product.Product" />
          </bean>
        </entry>
        <entry key="bidCompany6">
          <bean class="com.simplesoftwarestudios.demo.table.extract.PropertyCellExtractor">
            <constructor-arg value="filteredDepth.bid[OUTRIGHT].at[6].company" />
            <constructor-arg value="com.simplesoftwarestudios.demo.table.product.Product" />
          </bean>
        </entry>
        <entry key="bidCompany7">
          <bean class="com.simplesoftwarestudios.demo.table.extract.PropertyCellExtractor">
            <constructor-arg value="filteredDepth.bid[OUTRIGHT].at[7].company" />
            <constructor-arg value="com.simplesoftwarestudios.demo.table.product.Product" />
          </bean>
        </entry>
        <entry key="bidCompany8">
          <bean class="com.simplesoftwarestudios.demo.table.extract.PropertyCellExtractor">
            <constructor-arg value="filteredDepth.bid[OUTRIGHT].at[8].company" />
            <constructor-arg value="com.simplesoftwarestudios.demo.table.product.Product" />
          </bean>
        </entry>
        <entry key="bidCompany9">
          <bean class="com.simplesoftwarestudios.demo.table.extract.PropertyCellExtractor">
            <constructor-arg value="filteredDepth.bid[OUTRIGHT].at[9].company" />
            <constructor-arg value="com.simplesoftwarestudios.demo.table.product.Product" />
          </bean>
        </entry>
        <entry key="offerPrice0">
          <bean class="com.simplesoftwarestudios.demo.table.extract.PropertyCellExtractor">
            <constructor-arg value="filteredDepth.offer[OUTRIGHT].at[0].price" />
            <constructor-arg value="com.simplesoftwarestudios.demo.table.product.Product" />
          </bean>
        </entry>
        <entry key="offerPrice1">
          <bean class="com.simplesoftwarestudios.demo.table.extract.PropertyCellExtractor">
            <constructor-arg value="filteredDepth.offer[OUTRIGHT].at[1].price" />
            <constructor-arg value="com.simplesoftwarestudios.demo.table.product.Product" />
          </bean>
        </entry>
        <entry key="offerPrice2">
          <bean class="com.simplesoftwarestudios.demo.table.extract.PropertyCellExtractor">
            <constructor-arg value="filteredDepth.offer[OUTRIGHT].at[2].price" />
            <constructor-arg value="com.simplesoftwarestudios.demo.table.product.Product" />
          </bean>
        </entry>
        <entry key="offerPrice3">
          <bean class="com.simplesoftwarestudios.demo.table.extract.PropertyCellExtractor">
            <constructor-arg value="filteredDepth.offer[OUTRIGHT].at[3].price" />
            <constructor-arg value="com.simplesoftwarestudios.demo.table.product.Product" />
          </bean>
        </entry>
        <entry key="offerPrice4">
          <bean class="com.simplesoftwarestudios.demo.table.extract.PropertyCellExtractor">
            <constructor-arg value="filteredDepth.offer[OUTRIGHT].at[4].price" />
            <constructor-arg value="com.simplesoftwarestudios.demo.table.product.Product" />
          </bean>
        </entry>
        <entry key="offerPrice5">
          <bean class="com.simplesoftwarestudios.demo.table.extract.PropertyCellExtractor">
            <constructor-arg value="filteredDepth.offer[OUTRIGHT].at[5].price" />
            <constructor-arg value="com.simplesoftwarestudios.demo.table.product.Product" />
          </bean>
        </entry>
        <entry key="offerPrice6">
          <bean class="com.simplesoftwarestudios.demo.table.extract.PropertyCellExtractor">
            <constructor-arg value="filteredDepth.offer[OUTRIGHT].at[6].price" />
            <constructor-arg value="com.simplesoftwarestudios.demo.table.product.Product" />
          </bean>
        </entry>
        <entry key="offerPrice7">
          <bean class="com.simplesoftwarestudios.demo.table.extract.PropertyCellExtractor">
            <constructor-arg value="filteredDepth.offer[OUTRIGHT].at[7].price" />
            <constructor-arg value="com.simplesoftwarestudios.demo.table.product.Product" />
          </bean>
        </entry>
        <entry key="offerPrice8">
          <bean class="com.simplesoftwarestudios.demo.table.extract.PropertyCellExtractor">
            <constructor-arg value="filteredDepth.offer[OUTRIGHT].at[8].price" />
            <constructor-arg value="com.simplesoftwarestudios.demo.table.product.Product" />
          </bean>
        </entry>
        <entry key="offerPrice9">
          <bean class="com.simplesoftwarestudios.demo.table.extract.PropertyCellExtractor">
            <constructor-arg value="filteredDepth.offer[OUTRIGHT].at[9].price" />
            <constructor-arg value="com.simplesoftwarestudios.demo.table.product.Product" />
          </bean>
        </entry>
        <entry key="offerVolume0">
          <bean class="com.simplesoftwarestudios.demo.table.extract.PropertyCellExtractor">
            <constructor-arg value="filteredDepth.offer[OUTRIGHT].at[0].volume" />
            <constructor-arg value="com.simplesoftwarestudios.demo.table.product.Product" />
          </bean>
        </entry>
        <entry key="offerVolume1">
          <bean class="com.simplesoftwarestudios.demo.table.extract.PropertyCellExtractor">
            <constructor-arg value="filteredDepth.offer[OUTRIGHT].at[1].volume" />
            <constructor-arg value="com.simplesoftwarestudios.demo.table.product.Product" />
          </bean>
        </entry>
        <entry key="offerVolume2">
          <bean class="com.simplesoftwarestudios.demo.table.extract.PropertyCellExtractor">
            <constructor-arg value="filteredDepth.offer[OUTRIGHT].at[2].volume" />
            <constructor-arg value="com.simplesoftwarestudios.demo.table.product.Product" />
          </bean>
        </entry>
        <entry key="offerVolume3">
          <bean class="com.simplesoftwarestudios.demo.table.extract.PropertyCellExtractor">
            <constructor-arg value="filteredDepth.offer[OUTRIGHT].at[3].volume" />
            <constructor-arg value="com.simplesoftwarestudios.demo.table.product.Product" />
          </bean>
        </entry>
        <entry key="offerVolume4">
          <bean class="com.simplesoftwarestudios.demo.table.extract.PropertyCellExtractor">
            <constructor-arg value="filteredDepth.offer[OUTRIGHT].at[4].volume" />
            <constructor-arg value="com.simplesoftwarestudios.demo.table.product.Product" />
          </bean>
        </entry>
        <entry key="offerVolume5">
          <bean class="com.simplesoftwarestudios.demo.table.extract.PropertyCellExtractor">
            <constructor-arg value="filteredDepth.offer[OUTRIGHT].at[5].volume" />
            <constructor-arg value="com.simplesoftwarestudios.demo.table.product.Product" />
          </bean>
        </entry>
        <entry key="offerVolume6">
          <bean class="com.simplesoftwarestudios.demo.table.extract.PropertyCellExtractor">
            <constructor-arg value="filteredDepth.offer[OUTRIGHT].at[6].volume" />
            <constructor-arg value="com.simplesoftwarestudios.demo.table.product.Product" />
          </bean>
        </entry>
        <entry key="offerVolume7">
          <bean class="com.simplesoftwarestudios.demo.table.extract.PropertyCellExtractor">
            <constructor-arg value="filteredDepth.offer[OUTRIGHT].at[7].volume" />
            <constructor-arg value="com.simplesoftwarestudios.demo.table.product.Product" />
          </bean>
        </entry>
        <entry key="offerVolume8">
          <bean class="com.simplesoftwarestudios.demo.table.extract.PropertyCellExtractor">
            <constructor-arg value="filteredDepth.offer[OUTRIGHT].at[8].volume" />
            <constructor-arg value="com.simplesoftwarestudios.demo.table.product.Product" />
          </bean>
        </entry>
        <entry key="offerVolume9">
          <bean class="com.simplesoftwarestudios.demo.table.extract.PropertyCellExtractor">
            <constructor-arg value="filteredDepth.offer[OUTRIGHT].at[9].volume" />
            <constructor-arg value="com.simplesoftwarestudios.demo.table.product.Product" />
          </bean>
        </entry>
        <entry key="offerCompany0">
          <bean class="com.simplesoftwarestudios.demo.table.extract.PropertyCellExtractor">
            <constructor-arg value="filteredDepth.offer[OUTRIGHT].at[0].company" />
            <constructor-arg value="com.simplesoftwarestudios.demo.table.product.Product" />
          </bean>
        </entry>
        <entry key="offerCompany1">
          <bean class="com.simplesoftwarestudios.demo.table.extract.PropertyCellExtractor">
            <constructor-arg value="filteredDepth.offer[OUTRIGHT].at[1].company" />
            <constructor-arg value="com.simplesoftwarestudios.demo.table.product.Product" />
          </bean>
        </entry>
        <entry key="offerCompany2">
          <bean class="com.simplesoftwarestudios.demo.table.extract.PropertyCellExtractor">
            <constructor-arg value="filteredDepth.offer[OUTRIGHT].at[2].company" />
            <constructor-arg value="com.simplesoftwarestudios.demo.table.product.Product" />
          </bean>
        </entry>
        <entry key="offerCompany3">
          <bean class="com.simplesoftwarestudios.demo.table.extract.PropertyCellExtractor">
            <constructor-arg value="filteredDepth.offer[OUTRIGHT].at[3].company" />
            <constructor-arg value="com.simplesoftwarestudios.demo.table.product.Product" />
          </bean>
        </entry>
        <entry key="offerCompany4">
          <bean class="com.simplesoftwarestudios.demo.table.extract.PropertyCellExtractor">
            <constructor-arg value="filteredDepth.offer[OUTRIGHT].at[4].company" />
            <constructor-arg value="com.simplesoftwarestudios.demo.table.product.Product" />
          </bean>
        </entry>
        <entry key="offerCompany5">
          <bean class="com.simplesoftwarestudios.demo.table.extract.PropertyCellExtractor">
            <constructor-arg value="filteredDepth.offer[OUTRIGHT].at[5].company" />
            <constructor-arg value="com.simplesoftwarestudios.demo.table.product.Product" />
          </bean>
        </entry>
        <entry key="offerCompany6">
          <bean class="com.simplesoftwarestudios.demo.table.extract.PropertyCellExtractor">
            <constructor-arg value="filteredDepth.offer[OUTRIGHT].at[6].company" />
            <constructor-arg value="com.simplesoftwarestudios.demo.table.product.Product" />
          </bean>
        </entry>
        <entry key="offerCompany7">
          <bean class="com.simplesoftwarestudios.demo.table.extract.PropertyCellExtractor">
            <constructor-arg value="filteredDepth.offer[OUTRIGHT].at[7].company" />
            <constructor-arg value="com.simplesoftwarestudios.demo.table.product.Product" />
          </bean>
        </entry>
        <entry key="offerCompany8">
          <bean class="com.simplesoftwarestudios.demo.table.extract.PropertyCellExtractor">
            <constructor-arg value="filteredDepth.offer[OUTRIGHT].at[8].company" />
            <constructor-arg value="com.simplesoftwarestudios.demo.table.product.Product" />
          </bean>
        </entry>
        <entry key="offerCompany9">
          <bean class="com.simplesoftwarestudios.demo.table.extract.PropertyCellExtractor">
            <constructor-arg value="filteredDepth.offer[OUTRIGHT].at[9].company" />
            <constructor-arg value="com.simplesoftwarestudios.demo.table.product.Product" />
          </bean>
        </entry>
      </map>
    </constructor-arg>
  </bean>

  <bean id="DepthOutrightTable" class="com.simplesoftwarestudios.demo.table.product.ProductTable" />

  <bean id="DepthOutrightTableModel" class="com.simplesoftwarestudios.demo.table.product.ProductTableModel">
    <constructor-arg ref="DepthOutrightTable" />
  </bean>

  <bean id="DepthOutrightTableUpdater" class="com.simplesoftwarestudios.demo.table.service.TableUpdater" init-method="start">
    <constructor-arg ref="DepthOutrightTableModel" />
    <constructor-arg ref="DepthOutrightTableSchema" />
    <constructor-arg ref="DepthOutrightRowExtractor" />
    <constructor-arg ref="DepthOutrightRowFormatter" />
    <constructor-arg ref="ThreadPool"/>    
  </bean>

  <bean id="DepthOutrightTableService" class="com.simplesoftwarestudios.demo.table.service.TableService">
    <constructor-arg>
      <list>
        <ref bean="DepthOutrightTableUpdater" />
      </list>
    </constructor-arg>
    <constructor-arg ref="PerformanceAnalyzer" />
    <constructor-arg ref="ProductStaticSource" />
  </bean>

  <bean id="DepthEFPTableSchema" class="com.simplesoftwarestudios.demo.table.schema.TableSchema">
    <constructor-arg value="depthEFP" />
    <constructor-arg>
      <list>
        <bean class="com.simplesoftwarestudios.demo.table.schema.StringColumnStyle">
          <constructor-arg value="product" />
          <constructor-arg value="{product}" />
        </bean>
        <bean class="com.simplesoftwarestudios.demo.table.schema.StringColumnStyle">
          <constructor-arg value="bidPrice0" />
          <constructor-arg value="{bidPrice0}" />
        </bean>
        <bean class="com.simplesoftwarestudios.demo.table.schema.StringColumnStyle">
          <constructor-arg value="bidPrice1" />
          <constructor-arg value="{bidPrice1}" />
        </bean>
        <bean class="com.simplesoftwarestudios.demo.table.schema.StringColumnStyle">
          <constructor-arg value="bidPrice2" />
          <constructor-arg value="{bidPrice2}" />
        </bean>
        <bean class="com.simplesoftwarestudios.demo.table.schema.StringColumnStyle">
          <constructor-arg value="bidPrice3" />
          <constructor-arg value="{bidPrice3}" />
        </bean>
        <bean class="com.simplesoftwarestudios.demo.table.schema.StringColumnStyle">
          <constructor-arg value="bidPrice4" />
          <constructor-arg value="{bidPrice4}" />
        </bean>
        <bean class="com.simplesoftwarestudios.demo.table.schema.StringColumnStyle">
          <constructor-arg value="bidPrice5" />
          <constructor-arg value="{bidPrice5}" />
        </bean>
        <bean class="com.simplesoftwarestudios.demo.table.schema.StringColumnStyle">
          <constructor-arg value="bidPrice6" />
          <constructor-arg value="{bidPrice6}" />
        </bean>
        <bean class="com.simplesoftwarestudios.demo.table.schema.StringColumnStyle">
          <constructor-arg value="bidPrice7" />
          <constructor-arg value="{bidPrice7}" />
        </bean>
        <bean class="com.simplesoftwarestudios.demo.table.schema.StringColumnStyle">
          <constructor-arg value="bidPrice8" />
          <constructor-arg value="{bidPrice8}" />
        </bean>
        <bean class="com.simplesoftwarestudios.demo.table.schema.StringColumnStyle">
          <constructor-arg value="bidPrice9" />
          <constructor-arg value="{bidPrice9}" />
        </bean>
        <bean class="com.simplesoftwarestudios.demo.table.schema.StringColumnStyle">
          <constructor-arg value="offerPrice0" />
          <constructor-arg value="{offerPrice0}" />
        </bean>
        <bean class="com.simplesoftwarestudios.demo.table.schema.StringColumnStyle">
          <constructor-arg value="offerPrice1" />
          <constructor-arg value="{offerPrice1}" />
        </bean>
        <bean class="com.simplesoftwarestudios.demo.table.schema.StringColumnStyle">
          <constructor-arg value="offerPrice2" />
          <constructor-arg value="{offerPrice2}" />
        </bean>
        <bean class="com.simplesoftwarestudios.demo.table.schema.StringColumnStyle">
          <constructor-arg value="offerPrice3" />
          <constructor-arg value="{offerPrice3}" />
        </bean>
        <bean class="com.simplesoftwarestudios.demo.table.schema.StringColumnStyle">
          <constructor-arg value="offerPrice4" />
          <constructor-arg value="{offerPrice4}" />
        </bean>
        <bean class="com.simplesoftwarestudios.demo.table.schema.StringColumnStyle">
          <constructor-arg value="offerPrice5" />
          <constructor-arg value="{offerPrice5}" />
        </bean>
        <bean class="com.simplesoftwarestudios.demo.table.schema.StringColumnStyle">
          <constructor-arg value="offerPrice6" />
          <constructor-arg value="{offerPrice6}" />
        </bean>
        <bean class="com.simplesoftwarestudios.demo.table.schema.StringColumnStyle">
          <constructor-arg value="offerPrice7" />
          <constructor-arg value="{offerPrice7}" />
        </bean>
        <bean class="com.simplesoftwarestudios.demo.table.schema.StringColumnStyle">
          <constructor-arg value="offerPrice8" />
          <constructor-arg value="{offerPrice8}" />
        </bean>
        <bean class="com.simplesoftwarestudios.demo.table.schema.StringColumnStyle">
          <constructor-arg value="offerPrice9" />
          <constructor-arg value="{offerPrice9}" />
        </bean>
        <bean class="com.simplesoftwarestudios.demo.table.schema.StringColumnStyle">
          <constructor-arg value="bidCompany0" />
          <constructor-arg value="{bidCompany0}" />
        </bean>
        <bean class="com.simplesoftwarestudios.demo.table.schema.StringColumnStyle">
          <constructor-arg value="bidCompany1" />
          <constructor-arg value="{bidCompany1}" />
        </bean>
        <bean class="com.simplesoftwarestudios.demo.table.schema.StringColumnStyle">
          <constructor-arg value="bidCompany2" />
          <constructor-arg value="{bidCompany2}" />
        </bean>
        <bean class="com.simplesoftwarestudios.demo.table.schema.StringColumnStyle">
          <constructor-arg value="bidCompany3" />
          <constructor-arg value="{bidCompany3}" />
        </bean>
        <bean class="com.simplesoftwarestudios.demo.table.schema.StringColumnStyle">
          <constructor-arg value="bidCompany4" />
          <constructor-arg value="{bidCompany4}" />
        </bean>
        <bean class="com.simplesoftwarestudios.demo.table.schema.StringColumnStyle">
          <constructor-arg value="bidCompany5" />
          <constructor-arg value="{bidCompany5}" />
        </bean>
        <bean class="com.simplesoftwarestudios.demo.table.schema.StringColumnStyle">
          <constructor-arg value="bidCompany6" />
          <constructor-arg value="{bidCompany6}" />
        </bean>
        <bean class="com.simplesoftwarestudios.demo.table.schema.StringColumnStyle">
          <constructor-arg value="bidCompany7" />
          <constructor-arg value="{bidCompany7}" />
        </bean>
        <bean class="com.simplesoftwarestudios.demo.table.schema.StringColumnStyle">
          <constructor-arg value="bidCompany8" />
          <constructor-arg value="{bidCompany8}" />
        </bean>
        <bean class="com.simplesoftwarestudios.demo.table.schema.StringColumnStyle">
          <constructor-arg value="bidCompany9" />
          <constructor-arg value="{bidCompany9}" />
        </bean>
        <bean class="com.simplesoftwarestudios.demo.table.schema.StringColumnStyle">
          <constructor-arg value="offerCompany0" />
          <constructor-arg value="{offerCompany0}" />
        </bean>
        <bean class="com.simplesoftwarestudios.demo.table.schema.StringColumnStyle">
          <constructor-arg value="offerCompany1" />
          <constructor-arg value="{offerCompany1}" />
        </bean>
        <bean class="com.simplesoftwarestudios.demo.table.schema.StringColumnStyle">
          <constructor-arg value="offerCompany2" />
          <constructor-arg value="{offerCompany2}" />
        </bean>
        <bean class="com.simplesoftwarestudios.demo.table.schema.StringColumnStyle">
          <constructor-arg value="offerCompany3" />
          <constructor-arg value="{offerCompany3}" />
        </bean>
        <bean class="com.simplesoftwarestudios.demo.table.schema.StringColumnStyle">
          <constructor-arg value="offerCompany4" />
          <constructor-arg value="{offerCompany4}" />
        </bean>
        <bean class="com.simplesoftwarestudios.demo.table.schema.StringColumnStyle">
          <constructor-arg value="offerCompany5" />
          <constructor-arg value="{offerCompany5}" />
        </bean>
        <bean class="com.simplesoftwarestudios.demo.table.schema.StringColumnStyle">
          <constructor-arg value="offerCompany6" />
          <constructor-arg value="{offerCompany6}" />
        </bean>
        <bean class="com.simplesoftwarestudios.demo.table.schema.StringColumnStyle">
          <constructor-arg value="offerCompany7" />
          <constructor-arg value="{offerCompany7}" />
        </bean>
        <bean class="com.simplesoftwarestudios.demo.table.schema.StringColumnStyle">
          <constructor-arg value="offerCompany8" />
          <constructor-arg value="{offerCompany8}" />
        </bean>
        <bean class="com.simplesoftwarestudios.demo.table.schema.StringColumnStyle">
          <constructor-arg value="offerCompany9" />
          <constructor-arg value="{offerCompany9}" />
        </bean>
        <bean class="com.simplesoftwarestudios.demo.table.schema.StringColumnStyle">
          <constructor-arg value="bidVolume0" />
          <constructor-arg value="{bidVolume0}" />
        </bean>
        <bean class="com.simplesoftwarestudios.demo.table.schema.StringColumnStyle">
          <constructor-arg value="bidVolume1" />
          <constructor-arg value="{bidVolume1}" />
        </bean>
        <bean class="com.simplesoftwarestudios.demo.table.schema.StringColumnStyle">
          <constructor-arg value="bidVolume2" />
          <constructor-arg value="{bidVolume2}" />
        </bean>
        <bean class="com.simplesoftwarestudios.demo.table.schema.StringColumnStyle">
          <constructor-arg value="bidVolume3" />
          <constructor-arg value="{bidVolume3}" />
        </bean>
        <bean class="com.simplesoftwarestudios.demo.table.schema.StringColumnStyle">
          <constructor-arg value="bidVolume4" />
          <constructor-arg value="{bidVolume4}" />
        </bean>
        <bean class="com.simplesoftwarestudios.demo.table.schema.StringColumnStyle">
          <constructor-arg value="bidVolume5" />
          <constructor-arg value="{bidVolume5}" />
        </bean>
        <bean class="com.simplesoftwarestudios.demo.table.schema.StringColumnStyle">
          <constructor-arg value="bidVolume6" />
          <constructor-arg value="{bidVolume6}" />
        </bean>
        <bean class="com.simplesoftwarestudios.demo.table.schema.StringColumnStyle">
          <constructor-arg value="bidVolume7" />
          <constructor-arg value="{bidVolume7}" />
        </bean>
        <bean class="com.simplesoftwarestudios.demo.table.schema.StringColumnStyle">
          <constructor-arg value="bidVolume8" />
          <constructor-arg value="{bidVolume8}" />
        </bean>
        <bean class="com.simplesoftwarestudios.demo.table.schema.StringColumnStyle">
          <constructor-arg value="bidVolume9" />
          <constructor-arg value="{bidVolume9}" />
        </bean>
        <bean class="com.simplesoftwarestudios.demo.table.schema.StringColumnStyle">
          <constructor-arg value="offerVolume0" />
          <constructor-arg value="{offerVolume0}" />
        </bean>
        <bean class="com.simplesoftwarestudios.demo.table.schema.StringColumnStyle">
          <constructor-arg value="offerVolume1" />
          <constructor-arg value="{offerVolume1}" />
        </bean>
        <bean class="com.simplesoftwarestudios.demo.table.schema.StringColumnStyle">
          <constructor-arg value="offerVolume2" />
          <constructor-arg value="{offerVolume2}" />
        </bean>
        <bean class="com.simplesoftwarestudios.demo.table.schema.StringColumnStyle">
          <constructor-arg value="offerVolume3" />
          <constructor-arg value="{offerVolume3}" />
        </bean>
        <bean class="com.simplesoftwarestudios.demo.table.schema.StringColumnStyle">
          <constructor-arg value="offerVolume4" />
          <constructor-arg value="{offerVolume4}" />
        </bean>
        <bean class="com.simplesoftwarestudios.demo.table.schema.StringColumnStyle">
          <constructor-arg value="offerVolume5" />
          <constructor-arg value="{offerVolume5}" />
        </bean>
        <bean class="com.simplesoftwarestudios.demo.table.schema.StringColumnStyle">
          <constructor-arg value="offerVolume6" />
          <constructor-arg value="{offerVolume6}" />
        </bean>
        <bean class="com.simplesoftwarestudios.demo.table.schema.StringColumnStyle">
          <constructor-arg value="offerVolume7" />
          <constructor-arg value="{offerVolume7}" />
        </bean>
        <bean class="com.simplesoftwarestudios.demo.table.schema.StringColumnStyle">
          <constructor-arg value="offerVolume8" />
          <constructor-arg value="{offerVolume8}" />
        </bean>
        <bean class="com.simplesoftwarestudios.demo.table.schema.StringColumnStyle">
          <constructor-arg value="offerVolume9" />
          <constructor-arg value="{offerVolume9}" />
        </bean>
      </list>
    </constructor-arg>
  </bean>

  <bean id="DepthEFPRowExtractor" class="com.simplesoftwarestudios.demo.table.extract.RowExtractor">
    <constructor-arg>
      <map>
        <entry key="product">
          <bean class="com.simplesoftwarestudios.demo.table.extract.PropertyCellExtractor">
            <constructor-arg value="security" />
            <constructor-arg value="com.simplesoftwarestudios.demo.table.product.Product" />
          </bean>
        </entry>
        <entry key="bidPrice0">
          <bean class="com.simplesoftwarestudios.demo.table.extract.PropertyCellExtractor">
            <constructor-arg value="filteredDepth.bid[EFP].at[0].price" />
            <constructor-arg value="com.simplesoftwarestudios.demo.table.product.Product" />
          </bean>
        </entry>
        <entry key="bidPrice1">
          <bean class="com.simplesoftwarestudios.demo.table.extract.PropertyCellExtractor">
            <constructor-arg value="filteredDepth.bid[EFP].at[1].price" />
            <constructor-arg value="com.simplesoftwarestudios.demo.table.product.Product" />
          </bean>
        </entry>
        <entry key="bidPrice2">
          <bean class="com.simplesoftwarestudios.demo.table.extract.PropertyCellExtractor">
            <constructor-arg value="filteredDepth.bid[EFP].at[2].price" />
            <constructor-arg value="com.simplesoftwarestudios.demo.table.product.Product" />
          </bean>
        </entry>
        <entry key="bidPrice3">
          <bean class="com.simplesoftwarestudios.demo.table.extract.PropertyCellExtractor">
            <constructor-arg value="filteredDepth.bid[EFP].at[3].price" />
            <constructor-arg value="com.simplesoftwarestudios.demo.table.product.Product" />
          </bean>
        </entry>
        <entry key="bidPrice4">
          <bean class="com.simplesoftwarestudios.demo.table.extract.PropertyCellExtractor">
            <constructor-arg value="filteredDepth.bid[EFP].at[4].price" />
            <constructor-arg value="com.simplesoftwarestudios.demo.table.product.Product" />
          </bean>
        </entry>
        <entry key="bidPrice5">
          <bean class="com.simplesoftwarestudios.demo.table.extract.PropertyCellExtractor">
            <constructor-arg value="filteredDepth.bid[EFP].at[5].price" />
            <constructor-arg value="com.simplesoftwarestudios.demo.table.product.Product" />
          </bean>
        </entry>
        <entry key="bidPrice6">
          <bean class="com.simplesoftwarestudios.demo.table.extract.PropertyCellExtractor">
            <constructor-arg value="filteredDepth.bid[EFP].at[6].price" />
            <constructor-arg value="com.simplesoftwarestudios.demo.table.product.Product" />
          </bean>
        </entry>
        <entry key="bidPrice7">
          <bean class="com.simplesoftwarestudios.demo.table.extract.PropertyCellExtractor">
            <constructor-arg value="filteredDepth.bid[EFP].at[7].price" />
            <constructor-arg value="com.simplesoftwarestudios.demo.table.product.Product" />
          </bean>
        </entry>
        <entry key="bidPrice8">
          <bean class="com.simplesoftwarestudios.demo.table.extract.PropertyCellExtractor">
            <constructor-arg value="filteredDepth.bid[EFP].at[8].price" />
            <constructor-arg value="com.simplesoftwarestudios.demo.table.product.Product" />
          </bean>
        </entry>
        <entry key="bidPrice9">
          <bean class="com.simplesoftwarestudios.demo.table.extract.PropertyCellExtractor">
            <constructor-arg value="filteredDepth.bid[EFP].at[9].price" />
            <constructor-arg value="com.simplesoftwarestudios.demo.table.product.Product" />
          </bean>
        </entry>
        <entry key="bidVolume0">
          <bean class="com.simplesoftwarestudios.demo.table.extract.PropertyCellExtractor">
            <constructor-arg value="filteredDepth.bid[EFP].at[0].volume" />
            <constructor-arg value="com.simplesoftwarestudios.demo.table.product.Product" />
          </bean>
        </entry>
        <entry key="bidVolume1">
          <bean class="com.simplesoftwarestudios.demo.table.extract.PropertyCellExtractor">
            <constructor-arg value="filteredDepth.bid[EFP].at[1].volume" />
            <constructor-arg value="com.simplesoftwarestudios.demo.table.product.Product" />
          </bean>
        </entry>
        <entry key="bidVolume2">
          <bean class="com.simplesoftwarestudios.demo.table.extract.PropertyCellExtractor">
            <constructor-arg value="filteredDepth.bid[EFP].at[2].volume" />
            <constructor-arg value="com.simplesoftwarestudios.demo.table.product.Product" />
          </bean>
        </entry>
        <entry key="bidVolume3">
          <bean class="com.simplesoftwarestudios.demo.table.extract.PropertyCellExtractor">
            <constructor-arg value="filteredDepth.bid[EFP].at[3].volume" />
            <constructor-arg value="com.simplesoftwarestudios.demo.table.product.Product" />
          </bean>
        </entry>
        <entry key="bidVolume4">
          <bean class="com.simplesoftwarestudios.demo.table.extract.PropertyCellExtractor">
            <constructor-arg value="filteredDepth.bid[EFP].at[4].volume" />
            <constructor-arg value="com.simplesoftwarestudios.demo.table.product.Product" />
          </bean>
        </entry>
        <entry key="bidVolume5">
          <bean class="com.simplesoftwarestudios.demo.table.extract.PropertyCellExtractor">
            <constructor-arg value="filteredDepth.bid[EFP].at[5].volume" />
            <constructor-arg value="com.simplesoftwarestudios.demo.table.product.Product" />
          </bean>
        </entry>
        <entry key="bidVolume6">
          <bean class="com.simplesoftwarestudios.demo.table.extract.PropertyCellExtractor">
            <constructor-arg value="filteredDepth.bid[EFP].at[6].volume" />
            <constructor-arg value="com.simplesoftwarestudios.demo.table.product.Product" />
          </bean>
        </entry>
        <entry key="bidVolume7">
          <bean class="com.simplesoftwarestudios.demo.table.extract.PropertyCellExtractor">
            <constructor-arg value="filteredDepth.bid[EFP].at[7].volume" />
            <constructor-arg value="com.simplesoftwarestudios.demo.table.product.Product" />
          </bean>
        </entry>
        <entry key="bidVolume8">
          <bean class="com.simplesoftwarestudios.demo.table.extract.PropertyCellExtractor">
            <constructor-arg value="filteredDepth.bid[EFP].at[8].volume" />
            <constructor-arg value="com.simplesoftwarestudios.demo.table.product.Product" />
          </bean>
        </entry>
        <entry key="bidVolume9">
          <bean class="com.simplesoftwarestudios.demo.table.extract.PropertyCellExtractor">
            <constructor-arg value="filteredDepth.bid[EFP].at[9].volume" />
            <constructor-arg value="com.simplesoftwarestudios.demo.table.product.Product" />
          </bean>
        </entry>
        <entry key="bidCompany0">
          <bean class="com.simplesoftwarestudios.demo.table.extract.PropertyCellExtractor">
            <constructor-arg value="filteredDepth.bid[EFP].at[0].company" />
            <constructor-arg value="com.simplesoftwarestudios.demo.table.product.Product" />
          </bean>
        </entry>
        <entry key="bidCompany1">
          <bean class="com.simplesoftwarestudios.demo.table.extract.PropertyCellExtractor">
            <constructor-arg value="filteredDepth.bid[EFP].at[1].company" />
            <constructor-arg value="com.simplesoftwarestudios.demo.table.product.Product" />
          </bean>
        </entry>
        <entry key="bidCompany2">
          <bean class="com.simplesoftwarestudios.demo.table.extract.PropertyCellExtractor">
            <constructor-arg value="filteredDepth.bid[EFP].at[2].company" />
            <constructor-arg value="com.simplesoftwarestudios.demo.table.product.Product" />
          </bean>
        </entry>
        <entry key="bidCompany3">
          <bean class="com.simplesoftwarestudios.demo.table.extract.PropertyCellExtractor">
            <constructor-arg value="filteredDepth.bid[EFP].at[3].company" />
            <constructor-arg value="com.simplesoftwarestudios.demo.table.product.Product" />
          </bean>
        </entry>
        <entry key="bidCompany4">
          <bean class="com.simplesoftwarestudios.demo.table.extract.PropertyCellExtractor">
            <constructor-arg value="filteredDepth.bid[EFP].at[4].company" />
            <constructor-arg value="com.simplesoftwarestudios.demo.table.product.Product" />
          </bean>
        </entry>
        <entry key="bidCompany5">
          <bean class="com.simplesoftwarestudios.demo.table.extract.PropertyCellExtractor">
            <constructor-arg value="filteredDepth.bid[EFP].at[5].company" />
            <constructor-arg value="com.simplesoftwarestudios.demo.table.product.Product" />
          </bean>
        </entry>
        <entry key="bidCompany6">
          <bean class="com.simplesoftwarestudios.demo.table.extract.PropertyCellExtractor">
            <constructor-arg value="filteredDepth.bid[EFP].at[6].company" />
            <constructor-arg value="com.simplesoftwarestudios.demo.table.product.Product" />
          </bean>
        </entry>
        <entry key="bidCompany7">
          <bean class="com.simplesoftwarestudios.demo.table.extract.PropertyCellExtractor">
            <constructor-arg value="filteredDepth.bid[EFP].at[7].company" />
            <constructor-arg value="com.simplesoftwarestudios.demo.table.product.Product" />
          </bean>
        </entry>
        <entry key="bidCompany8">
          <bean class="com.simplesoftwarestudios.demo.table.extract.PropertyCellExtractor">
            <constructor-arg value="filteredDepth.bid[EFP].at[8].company" />
            <constructor-arg value="com.simplesoftwarestudios.demo.table.product.Product" />
          </bean>
        </entry>
        <entry key="bidCompany9">
          <bean class="com.simplesoftwarestudios.demo.table.extract.PropertyCellExtractor">
            <constructor-arg value="filteredDepth.bid[EFP].at[9].company" />
            <constructor-arg value="com.simplesoftwarestudios.demo.table.product.Product" />
          </bean>
        </entry>
        <entry key="offerPrice0">
          <bean class="com.simplesoftwarestudios.demo.table.extract.PropertyCellExtractor">
            <constructor-arg value="filteredDepth.offer[EFP].at[0].price" />
            <constructor-arg value="com.simplesoftwarestudios.demo.table.product.Product" />
          </bean>
        </entry>
        <entry key="offerPrice1">
          <bean class="com.simplesoftwarestudios.demo.table.extract.PropertyCellExtractor">
            <constructor-arg value="filteredDepth.offer[EFP].at[1].price" />
            <constructor-arg value="com.simplesoftwarestudios.demo.table.product.Product" />
          </bean>
        </entry>
        <entry key="offerPrice2">
          <bean class="com.simplesoftwarestudios.demo.table.extract.PropertyCellExtractor">
            <constructor-arg value="filteredDepth.offer[EFP].at[2].price" />
            <constructor-arg value="com.simplesoftwarestudios.demo.table.product.Product" />
          </bean>
        </entry>
        <entry key="offerPrice3">
          <bean class="com.simplesoftwarestudios.demo.table.extract.PropertyCellExtractor">
            <constructor-arg value="filteredDepth.offer[EFP].at[3].price" />
            <constructor-arg value="com.simplesoftwarestudios.demo.table.product.Product" />
          </bean>
        </entry>
        <entry key="offerPrice4">
          <bean class="com.simplesoftwarestudios.demo.table.extract.PropertyCellExtractor">
            <constructor-arg value="filteredDepth.offer[EFP].at[4].price" />
            <constructor-arg value="com.simplesoftwarestudios.demo.table.product.Product" />
          </bean>
        </entry>
        <entry key="offerPrice5">
          <bean class="com.simplesoftwarestudios.demo.table.extract.PropertyCellExtractor">
            <constructor-arg value="filteredDepth.offer[EFP].at[5].price" />
            <constructor-arg value="com.simplesoftwarestudios.demo.table.product.Product" />
          </bean>
        </entry>
        <entry key="offerPrice6">
          <bean class="com.simplesoftwarestudios.demo.table.extract.PropertyCellExtractor">
            <constructor-arg value="filteredDepth.offer[EFP].at[6].price" />
            <constructor-arg value="com.simplesoftwarestudios.demo.table.product.Product" />
          </bean>
        </entry>
        <entry key="offerPrice7">
          <bean class="com.simplesoftwarestudios.demo.table.extract.PropertyCellExtractor">
            <constructor-arg value="filteredDepth.offer[EFP].at[7].price" />
            <constructor-arg value="com.simplesoftwarestudios.demo.table.product.Product" />
          </bean>
        </entry>
        <entry key="offerPrice8">
          <bean class="com.simplesoftwarestudios.demo.table.extract.PropertyCellExtractor">
            <constructor-arg value="filteredDepth.offer[EFP].at[8].price" />
            <constructor-arg value="com.simplesoftwarestudios.demo.table.product.Product" />
          </bean>
        </entry>
        <entry key="offerPrice9">
          <bean class="com.simplesoftwarestudios.demo.table.extract.PropertyCellExtractor">
            <constructor-arg value="filteredDepth.offer[EFP].at[9].price" />
            <constructor-arg value="com.simplesoftwarestudios.demo.table.product.Product" />
          </bean>
        </entry>
        <entry key="offerVolume0">
          <bean class="com.simplesoftwarestudios.demo.table.extract.PropertyCellExtractor">
            <constructor-arg value="filteredDepth.offer[EFP].at[0].volume" />
            <constructor-arg value="com.simplesoftwarestudios.demo.table.product.Product" />
          </bean>
        </entry>
        <entry key="offerVolume1">
          <bean class="com.simplesoftwarestudios.demo.table.extract.PropertyCellExtractor">
            <constructor-arg value="filteredDepth.offer[EFP].at[1].volume" />
            <constructor-arg value="com.simplesoftwarestudios.demo.table.product.Product" />
          </bean>
        </entry>
        <entry key="offerVolume2">
          <bean class="com.simplesoftwarestudios.demo.table.extract.PropertyCellExtractor">
            <constructor-arg value="filteredDepth.offer[EFP].at[2].volume" />
            <constructor-arg value="com.simplesoftwarestudios.demo.table.product.Product" />
          </bean>
        </entry>
        <entry key="offerVolume3">
          <bean class="com.simplesoftwarestudios.demo.table.extract.PropertyCellExtractor">
            <constructor-arg value="filteredDepth.offer[EFP].at[3].volume" />
            <constructor-arg value="com.simplesoftwarestudios.demo.table.product.Product" />
          </bean>
        </entry>
        <entry key="offerVolume4">
          <bean class="com.simplesoftwarestudios.demo.table.extract.PropertyCellExtractor">
            <constructor-arg value="filteredDepth.offer[EFP].at[4].volume" />
            <constructor-arg value="com.simplesoftwarestudios.demo.table.product.Product" />
          </bean>
        </entry>
        <entry key="offerVolume5">
          <bean class="com.simplesoftwarestudios.demo.table.extract.PropertyCellExtractor">
            <constructor-arg value="filteredDepth.offer[EFP].at[5].volume" />
            <constructor-arg value="com.simplesoftwarestudios.demo.table.product.Product" />
          </bean>
        </entry>
        <entry key="offerVolume6">
          <bean class="com.simplesoftwarestudios.demo.table.extract.PropertyCellExtractor">
            <constructor-arg value="filteredDepth.offer[EFP].at[6].volume" />
            <constructor-arg value="com.simplesoftwarestudios.demo.table.product.Product" />
          </bean>
        </entry>
        <entry key="offerVolume7">
          <bean class="com.simplesoftwarestudios.demo.table.extract.PropertyCellExtractor">
            <constructor-arg value="filteredDepth.offer[EFP].at[7].volume" />
            <constructor-arg value="com.simplesoftwarestudios.demo.table.product.Product" />
          </bean>
        </entry>
        <entry key="offerVolume8">
          <bean class="com.simplesoftwarestudios.demo.table.extract.PropertyCellExtractor">
            <constructor-arg value="filteredDepth.offer[EFP].at[8].volume" />
            <constructor-arg value="com.simplesoftwarestudios.demo.table.product.Product" />
          </bean>
        </entry>
        <entry key="offerVolume9">
          <bean class="com.simplesoftwarestudios.demo.table.extract.PropertyCellExtractor">
            <constructor-arg value="filteredDepth.offer[EFP].at[9].volume" />
            <constructor-arg value="com.simplesoftwarestudios.demo.table.product.Product" />
          </bean>
        </entry>
        <entry key="offerCompany0">
          <bean class="com.simplesoftwarestudios.demo.table.extract.PropertyCellExtractor">
            <constructor-arg value="filteredDepth.offer[EFP].at[0].company" />
            <constructor-arg value="com.simplesoftwarestudios.demo.table.product.Product" />
          </bean>
        </entry>
        <entry key="offerCompany1">
          <bean class="com.simplesoftwarestudios.demo.table.extract.PropertyCellExtractor">
            <constructor-arg value="filteredDepth.offer[EFP].at[1].company" />
            <constructor-arg value="com.simplesoftwarestudios.demo.table.product.Product" />
          </bean>
        </entry>
        <entry key="offerCompany2">
          <bean class="com.simplesoftwarestudios.demo.table.extract.PropertyCellExtractor">
            <constructor-arg value="filteredDepth.offer[EFP].at[2].company" />
            <constructor-arg value="com.simplesoftwarestudios.demo.table.product.Product" />
          </bean>
        </entry>
        <entry key="offerCompany3">
          <bean class="com.simplesoftwarestudios.demo.table.extract.PropertyCellExtractor">
            <constructor-arg value="filteredDepth.offer[EFP].at[3].company" />
            <constructor-arg value="com.simplesoftwarestudios.demo.table.product.Product" />
          </bean>
        </entry>
        <entry key="offerCompany4">
          <bean class="com.simplesoftwarestudios.demo.table.extract.PropertyCellExtractor">
            <constructor-arg value="filteredDepth.offer[EFP].at[4].company" />
            <constructor-arg value="com.simplesoftwarestudios.demo.table.product.Product" />
          </bean>
        </entry>
        <entry key="offerCompany5">
          <bean class="com.simplesoftwarestudios.demo.table.extract.PropertyCellExtractor">
            <constructor-arg value="filteredDepth.offer[EFP].at[5].company" />
            <constructor-arg value="com.simplesoftwarestudios.demo.table.product.Product" />
          </bean>
        </entry>
        <entry key="offerCompany6">
          <bean class="com.simplesoftwarestudios.demo.table.extract.PropertyCellExtractor">
            <constructor-arg value="filteredDepth.offer[EFP].at[6].company" />
            <constructor-arg value="com.simplesoftwarestudios.demo.table.product.Product" />
          </bean>
        </entry>
        <entry key="offerCompany7">
          <bean class="com.simplesoftwarestudios.demo.table.extract.PropertyCellExtractor">
            <constructor-arg value="filteredDepth.offer[EFP].at[7].company" />
            <constructor-arg value="com.simplesoftwarestudios.demo.table.product.Product" />
          </bean>
        </entry>
        <entry key="offerCompany8">
          <bean class="com.simplesoftwarestudios.demo.table.extract.PropertyCellExtractor">
            <constructor-arg value="filteredDepth.offer[EFP].at[8].company" />
            <constructor-arg value="com.simplesoftwarestudios.demo.table.product.Product" />
          </bean>
        </entry>
        <entry key="offerCompany9">
          <bean class="com.simplesoftwarestudios.demo.table.extract.PropertyCellExtractor">
            <constructor-arg value="filteredDepth.offer[EFP].at[9].company" />
            <constructor-arg value="com.simplesoftwarestudios.demo.table.product.Product" />
          </bean>
        </entry>
      </map>
    </constructor-arg>
  </bean>
  
  <bean id="DepthEFPRowFormatter" class="com.simplesoftwarestudios.demo.table.format.RowFormatter">
    <constructor-arg>
      <map>
        <entry key="bidPrice0">
          <bean class="com.simplesoftwarestudios.demo.table.format.DecimalCellFormatter">
            <constructor-arg value="#.00" />
          </bean>
        </entry>
        <entry key="bidPrice1">
          <bean class="com.simplesoftwarestudios.demo.table.format.DecimalCellFormatter">
            <constructor-arg value="#.00" />
          </bean>
        </entry>
        <entry key="bidPrice2">
          <bean class="com.simplesoftwarestudios.demo.table.format.DecimalCellFormatter">
            <constructor-arg value="#.00" />
          </bean>
        </entry>
        <entry key="bidPrice3">
          <bean class="com.simplesoftwarestudios.demo.table.format.DecimalCellFormatter">
            <constructor-arg value="#.00" />
          </bean>
        </entry>
        <entry key="bidPrice4">
          <bean class="com.simplesoftwarestudios.demo.table.format.DecimalCellFormatter">
            <constructor-arg value="#.00" />
          </bean>
        </entry>
        <entry key="bidPrice5">
          <bean class="com.simplesoftwarestudios.demo.table.format.DecimalCellFormatter">
            <constructor-arg value="#.00" />
          </bean>
        </entry>
        <entry key="bidPrice6">
          <bean class="com.simplesoftwarestudios.demo.table.format.DecimalCellFormatter">
            <constructor-arg value="#.00" />
          </bean>
        </entry>
        <entry key="bidPrice7">
          <bean class="com.simplesoftwarestudios.demo.table.format.DecimalCellFormatter">
            <constructor-arg value="#.00" />
          </bean>
        </entry>
        <entry key="bidPrice8">
          <bean class="com.simplesoftwarestudios.demo.table.format.DecimalCellFormatter">
            <constructor-arg value="#.00" />
          </bean>
        </entry>
        <entry key="bidPrice9">
          <bean class="com.simplesoftwarestudios.demo.table.format.DecimalCellFormatter">
            <constructor-arg value="#.00" />
          </bean>
        </entry>
        <entry key="offerPrice0">
          <bean class="com.simplesoftwarestudios.demo.table.format.DecimalCellFormatter">
            <constructor-arg value="#.00" />
          </bean>
        </entry>
        <entry key="offerPrice1">
          <bean class="com.simplesoftwarestudios.demo.table.format.DecimalCellFormatter">
            <constructor-arg value="#.00" />
          </bean>
        </entry>
        <entry key="offerPrice2">
          <bean class="com.simplesoftwarestudios.demo.table.format.DecimalCellFormatter">
            <constructor-arg value="#.00" />
          </bean>
        </entry>
        <entry key="offerPrice3">
          <bean class="com.simplesoftwarestudios.demo.table.format.DecimalCellFormatter">
            <constructor-arg value="#.00" />
          </bean>
        </entry>
        <entry key="offerPrice4">
          <bean class="com.simplesoftwarestudios.demo.table.format.DecimalCellFormatter">
            <constructor-arg value="#.00" />
          </bean>
        </entry>
        <entry key="offerPrice5">
          <bean class="com.simplesoftwarestudios.demo.table.format.DecimalCellFormatter">
            <constructor-arg value="#.00" />
          </bean>
        </entry>
        <entry key="offerPrice6">
          <bean class="com.simplesoftwarestudios.demo.table.format.DecimalCellFormatter">
            <constructor-arg value="#.00" />
          </bean>
        </entry>
        <entry key="offerPrice7">
          <bean class="com.simplesoftwarestudios.demo.table.format.DecimalCellFormatter">
            <constructor-arg value="#.00" />
          </bean>
        </entry>
        <entry key="offerPrice8">
          <bean class="com.simplesoftwarestudios.demo.table.format.DecimalCellFormatter">
            <constructor-arg value="#.00" />
          </bean>
        </entry>
        <entry key="offerPrice9">
          <bean class="com.simplesoftwarestudios.demo.table.format.DecimalCellFormatter">
            <constructor-arg value="#.00" />
          </bean>
        </entry>        
      </map>
    </constructor-arg>
  </bean> 

  <bean id="DepthEFPTable" class="com.simplesoftwarestudios.demo.table.product.ProductTable" />

  <bean id="DepthEFPTableModel" class="com.simplesoftwarestudios.demo.table.product.ProductTableModel">
    <constructor-arg ref="DepthEFPTable" />
  </bean>

  <bean id="DepthEFPTableUpdater" class="com.simplesoftwarestudios.demo.table.service.TableUpdater" init-method="start">
    <constructor-arg ref="DepthEFPTableModel" />
    <constructor-arg ref="DepthEFPTableSchema" />
    <constructor-arg ref="DepthEFPRowExtractor" />
    <constructor-arg ref="DepthEFPRowFormatter" />
    <constructor-arg ref="ThreadPool"/>   
  </bean>

  <bean id="DepthEFPTableService" class="com.simplesoftwarestudios.demo.table.service.TableService">
    <constructor-arg>
      <list>
        <ref bean="DepthEFPTableUpdater" />
      </list>
    </constructor-arg>
    <constructor-arg ref="PerformanceAnalyzer" />
    <constructor-arg ref="ProductStaticSource" />
  </bean>

</beans>