<?xml version="1.0" encoding="UTF-8"?>
<beans xmlns="http://www.springframework.org/schema/beans" xmlns:xsi="http://www.w3.org/2001/XMLSchema-instance" xmlns:aop="http://www.springframework.org/schema/aop"
  xsi:schemaLocation="http://www.springframework.org/schema/beans http://www.springframework.org/schema/beans/spring-beans-3.0.xsd">

  <bean id="CertificateReader" class="org.simpleframework.demo.ssl.CertificateReader"/>

  <bean id="SecureKeyStoreReader" class="org.simpleframework.demo.ssl.KeyStoreReader">
    <constructor-arg value="PKCS12" />
    <constructor-arg value="${certificate.keyStoreFile}" />
    <constructor-arg value="${certificate.password}" />
    <constructor-arg value="${certificate.password}" />
  </bean>

  <bean id="SecureSocketContext" class="org.simpleframework.demo.ssl.SecureSocketContext">
    <constructor-arg ref="SecureKeyStoreReader" />
    <constructor-arg value="TLS" />
  </bean>

  <bean id="Certificate" class="org.simpleframework.demo.ssl.Certificate">
    <constructor-arg ref="SecureSocketContext" />
  </bean>

</beans>  
