<?xml version="1.0" encoding="UTF-8"?><metadata>
  <groupId>org.simpleframework</groupId>
  <artifactId>simple</artifactId>
  <version>4.0.5</version>
  <versioning>
    <versions>
      <version>4.0.5</version>
      <version>4.0.6</version>
      <version>4.0.7</version>
      <version>4.1</version>
      <version>4.1.1</version>
      <version>4.1.2</version>
      <version>4.1.3</version>
      <version>4.1.4</version>
      <version>4.1.5</version>
      <version>4.1.6</version>
      <version>4.1.7</version>
      <version>4.1.8</version>
      <version>4.1.9</version>
      <version>4.1.10</version>
      <version>4.1.11</version>
      <version>4.1.12</version>
      <version>4.1.13</version>
      <version>4.1.14</version>
      <version>4.1.15</version>
      <version>4.1.16</version>
      <version>4.1.17</version>
      <version>4.1.18</version>
      <version>4.1.19</version>
      <version>4.1.20</version>      
      <version>4.1.21</version>
      <version>@version@</version>
    </versions>
    <lastUpdated>20100311212654</lastUpdated>
  </versioning>
</metadata>
